rank,suburb,median_value_aud
 1,Point Piper,"$23,966,600"
 2,Elizabeth Bay,"$8,881,200"
 3,Watsons Bay,"$8,406,600"
 4,Duffys Forest,"$7,328,300"
 5,Lavender Bay,"$6,858,000"
 6,Bellevue Hill,"$6,460,200"
 7,Rose Bay,"$5,554,800"
 8,Vaucluse,"$5,437,700"
 9,Sydney,"$5,330,000"
 10,Darling Point,"$5,291,600"
 11,Dorroughby,"$4,883,300"
 12,Cabarita Beach,"$4,181,600"
 13,St Leonards,"$4,142,400"
 14,Centennial Park,"$4,034,100"
 15,Whale Beach,"$3,974,000"
 16,Dawes Point,"$3,925,000"
 17,Double Bay,"$3,781,600"
 18,Tamarama,"$3,750,000"
 19,McMahons Point,"$3,645,500"
 20,Henley,"$3,615,000"
 21,Palm Beach,"$3,609,500"
 22,Northbridge,"$3,600,700"
 23,Mosman,"$3,571,700"
 24,Kangaroo Point,"$3,552,500"
 25,Tennyson Point,"$3,505,800"
 26,Bronte,"$3,412,900"
 27,Clontarf,"$3,278,400"
 28,Castle Cove,"$3,261,600"
 29,Woolwich,"$3,240,000"
 30,Warrawee,"$3,230,600"
 31,Collaroy,"$3,222,700"
 32,Clovelly,"$3,173,900"
 33,Linley Point,"$3,090,600"
 34,Cremorne Point,"$3,087,500"
 35,Longueville,"$3,080,400"
 36,Breakfast Point,"$3,073,600"
 37,Annangrove,"$3,060,600"
 38,Kurraba Point,"$3,059,100"
 39,South Coogee,"$3,037,100"
 40,Menangle Park,"$3,033,300"
 41,Woollahra,"$3,016,400"
 42,Bilgola Beach,"$2,995,200"
 43,Hunters Hill,"$2,975,200"
 44,Bondi,"$2,958,600"
 45,Kangaloon,"$2,949,500"
 46,Queens Park,"$2,941,500"
 47,Castlecrag,"$2,894,500"
 48,Roseville,"$2,883,100"
 49,Coorabell,"$2,871,300"
 50,Brownlow Hill,"$2,870,300"
 51,North Sydney,"$2,858,800"
 52,Manly,"$2,845,000"
 53,Northwood,"$2,800,000"
 54,Cabarita,"$2,744,600"
 55,Waverton,"$2,735,000"
 56,Killara,"$2,733,300"
 57,Dover Heights,"$2,730,100"
 58,Lovett Bay,"$2,713,600"
 59,Coopers Shoot,"$2,710,000"
 60,Rhodes,"$2,704,000"
 61,Queenscliff,"$2,679,000"
 62,Waverley,"$2,677,200"
 63,Balmain East,"$2,658,700"
 64,Ingleside,"$2,657,300"
 65,Strathfield,"$2,655,800"
 66,Horsley Park,"$2,652,000"
 67,Kirribilli,"$2,650,000"
 68,Lindfield,"$2,639,600"
 69,East Killara,"$2,623,700"
 70,Chiswick,"$2,621,200"
 71,Millers Point,"$2,601,600"
 72,Kensington,"$2,592,400"
 73,North Willoughby,"$2,574,000"
 74,Greenwich,"$2,573,100"
 75,Cremorne,"$2,565,200"
 76,Riverview,"$2,561,400"
 77,East Lindfield,"$2,536,700"
 78,Seaforth,"$2,531,500"
 79,North Bondi,"$2,517,800"
 80,Randwick,"$2,515,400"
 81,Willoughby East,"$2,508,300"
 82,Pymble,"$2,473,700"
 83,Burwood,"$2,466,800"
 84,Putney,"$2,462,300"
 85,Curl Curl,"$2,460,100"
 86,Bondi Beach,"$2,457,800"
 87,Coogee,"$2,443,600"
 88,Potts Point,"$2,443,300"
 89,Willoughby,"$2,442,500"
 90,Balgowlah Heights,"$2,430,300"
 91,Burraneer,"$2,406,400"
 92,North Curl Curl,"$2,389,200"
 93,Artarmon,"$2,378,400"
 94,Roseville Chase,"$2,370,000"
 95,Chatswood,"$2,366,400"
 96,Eraring,"$2,353,300"
 97,Possum Creek,"$2,330,000"
 98,Greenhills Beach,"$2,309,700"
 99,Mount Vernon,"$2,303,300"
 100,Freshwater,"$2,299,600"
 101,Edgecliff,"$2,291,500"
 102,Wollstonecraft,"$2,274,200"
 103,Kemps Creek,"$2,273,300"
 104,Banksmeadow,"$2,270,000"
 104,Fairlight,"$2,270,000"
 106,Rossmore,"$2,266,600"
 107,Lindifferon,"$2,256,400"
 108,Neutral Bay,"$2,254,400"
 109,Paddington,"$2,247,900"
 110,Gordon,"$2,242,000"
 111,Bringelly,"$2,233,300"
 112,Cottage Point,"$2,226,300"
 113,Kenthurst,"$2,221,200"
 114,Clareville,"$2,200,900"
 115,Connells Point,"$2,194,600"
 116,Elong Elong,"$2,190,000"
 117,Lane Cove West,"$2,173,700"
 118,Cheltenham,"$2,151,600"
 119,Maroubra,"$2,139,500"
 120,Dolans Bay,"$2,130,000"
 121,Kyle Bay,"$2,126,700"
 122,Avalon,"$2,126,200"
 123,North Turramurra,"$2,114,100"
 124,Drummoyne,"$2,097,800"
 125,Middle Dural,"$2,097,000"
 126,Yowie Bay,"$2,086,000"
 127,Crows Nest,"$2,083,500"
 128,North Balgowlah,"$2,074,400"
 129,Underbank,"$2,070,800"
 130,St Ives Chase,"$2,070,000"
 131,Birchgrove,"$2,061,800"
 132,Newrybar,"$2,056,600"
 133,Bondi Junction,"$2,050,200"
 134,Somersby,"$2,045,000"
 135,Cammeray,"$2,042,900"
 136,Naremburn,"$2,041,300"
 137,Wareemba,"$2,032,100"
 138,Lane Cove,"$2,024,200"
 139,Balgowlah,"$1,998,000"
 140,Malabar,"$1,995,300"
 141,Haberfield,"$1,966,200"
 142,Sandringham,"$1,964,200"
 143,Cronulla,"$1,956,800"
 144,Bayview,"$1,952,100"
 145,Rodd Point,"$1,948,300"
 146,Cecil Park,"$1,946,600"
 147,Newport,"$1,942,900"
 148,Kingsford,"$1,942,600"
 149,Burwood Heights,"$1,936,600"
 150,North Manly,"$1,934,300"
 151,Wahroonga,"$1,933,000"
 152,Abbotsford,"$1,931,800"
 153,Avalon Beach,"$1,928,900"
 154,Canada Bay,"$1,924,100"
 155,Lane Cove North,"$1,919,000"
 156,Glebe,"$1,916,300"
 157,Bar Beach,"$1,915,000"
 158,St Ives,"$1,914,100"
 159,Turramurra,"$1,908,300"
 160,Ewingsdale,"$1,902,500"
 161,Balmain,"$1,889,900"
 162,Darlinghurst,"$1,888,600"
 163,Maraylya,"$1,884,000"
 164,Collaroy Plateau,"$1,878,000"
 165,Bilgola,"$1,873,800"
 166,Rosebery,"$1,858,000"
 167,Killarney Heights,"$1,857,400"
 168,Theresa Park,"$1,851,600"
 169,Little Bay,"$1,848,400"
 170,Church Point,"$1,843,400"
 171,Manly Vale,"$1,839,200"
 172,Middle Cove,"$1,835,000"
 173,Concord,"$1,832,700"
 174,Russell Lea,"$1,818,500"
 175,Concord West,"$1,817,400"
 176,Wilsons Creek,"$1,816,600"
 177,Kogarah Bay,"$1,814,300"
 178,Far Meadow,"$1,806,200"
 179,Gladesville,"$1,802,200"
 180,Maroota,"$1,790,000"
 181,Orchard Hills,"$1,786,000"
 182,Annandale,"$1,781,200"
 183,Dee Why,"$1,772,100"
 184,Huntleys Cove,"$1,772,000"
 185,Mulgoa,"$1,768,800"
 186,Burradoo,"$1,767,400"
 187,Chatswood West,"$1,765,300"
 188,Bella Vista,"$1,759,500"
 189,Windsor Downs,"$1,756,600"
 190,Glenorie,"$1,746,800"
 191,Rozelle,"$1,736,700"
 192,Kirkham,"$1,736,600"
 193,Cattai,"$1,731,600"
 194,Bilgola Plateau,"$1,730,700"
 195,Pleasure Point,"$1,730,000"
 196,Dural,"$1,726,900"
 197,Chifley,"$1,719,500"
 198,Oatley,"$1,715,200"
 199,Surry Hills,"$1,714,600"
 200,Holgate,"$1,713,700"
 201,North Wahroonga,"$1,711,600"
 202,Point Frederick,"$1,710,200"
 203,Lilyfield,"$1,706,700"
 204,Taren Point,"$1,706,400"
 205,Epping,"$1,702,500"
 206,Mona Vale,"$1,698,500"
 207,Stanmore,"$1,693,500"
 208,Narrabeen,"$1,690,500"
 209,Montecollum,"$1,688,700"
 210,Nashua,"$1,685,000"
 211,Elanora Heights,"$1,684,800"
 212,Beecroft,"$1,681,500"
 213,Five Dock,"$1,675,500"
 214,Allambie Heights,"$1,672,800"
 215,Oakville,"$1,671,600"
 216,Wombarra,"$1,669,500"
 217,Eastwood,"$1,668,700"
 218,Phillip Bay,"$1,665,000"
 219,Forest Lodge,"$1,658,600"
 220,New Brighton,"$1,656,600"
 221,Port Hacking,"$1,654,600"
 222,South Turramurra,"$1,653,300"
 223,West Pennant Hills,"$1,646,400"
 224,Brighton Le Sands,"$1,645,100"
 225,West Pymble,"$1,642,300"
 226,Newcastle East,"$1,641,600"
 227,Glenhaven,"$1,639,600"
 228,Sans Souci,"$1,639,400"
 229,Wallaroo,"$1,638,300"
 230,Pagewood,"$1,633,000"
 231,North Strathfield,"$1,632,500"
 232,East Ryde,"$1,632,300"
 233,Homebush,"$1,629,800"
 234,Denistone,"$1,626,200"
 235,La Perouse,"$1,622,300"
 236,Wheeler Heights,"$1,620,000"
 237,Kentlyn,"$1,608,300"
 238,North Ryde,"$1,608,200"
 239,Tintenbar,"$1,603,700"
 240,Belrose,"$1,593,200"
 241,Blakehurst,"$1,593,100"
 242,Matraville,"$1,590,400"
 243,Myocum,"$1,589,200"
 244,Matcham,"$1,586,200"
 245,Summer Hill,"$1,581,400"
 246,Berkshire Park,"$1,576,600"
 247,Monterey,"$1,573,300"
 248,Dulwich Hill,"$1,572,900"
 249,Razorback,"$1,572,100"
 250,Alexandria,"$1,570,600"
 251,Glenquarry,"$1,566,600"
 252,Caringbah South,"$1,561,000"
 253,Forestville,"$1,557,200"
 254,Croydon,"$1,556,000"
 255,Petersham,"$1,554,700"
 256,Coledale,"$1,552,100"
 257,Denistone East,"$1,552,000"
 258,Davidson,"$1,550,200"
 259,Frenchs Forest,"$1,549,700"
 260,Ryde,"$1,549,000"
 261,Eastgardens,"$1,543,500"
 262,Picketts Valley,"$1,540,000"
 263,Gerroa,"$1,538,100"
 264,Cromer,"$1,531,800"
 265,Brighton-le-sands,"$1,531,000"
 266,MacMasters Beach,"$1,530,200"
 267,Pyrmont,"$1,529,000"
 268,Barrengarry,"$1,528,300"
 269,Ashfield,"$1,528,000"
 270,Hardys Bay,"$1,525,000"
 271,Dolls Point,"$1,521,200"
 272,Chippendale,"$1,519,900"
 273,Alstonvale,"$1,518,300"
 274,Carss Park,"$1,516,600"
 275,Woolooware,"$1,516,400"
 276,Ashbury,"$1,511,800"
 277,Berrima,"$1,506,200"
 278,Byron Bay,"$1,498,000"
 279,Redfern,"$1,489,200"
 280,Coalcliff,"$1,487,500"
 281,Enfield,"$1,487,300"
 282,The Hill,"$1,482,600"
 283,Woolloomooloo,"$1,482,500"
 284,Orangeville,"$1,472,100"
 285,Jaspers Brush,"$1,470,000"
 286,Potts Hill,"$1,466,000"
 287,Wagstaffe,"$1,465,800"
 288,Hurlstone Park,"$1,465,000"
 289,Beacon Hill,"$1,463,400"
 290,Lewisham,"$1,461,900"
 291,Killcare,"$1,455,800"
 292,Hurstville Grove,"$1,451,000"
 293,North Narrabeen,"$1,449,100"
 294,Narraweena,"$1,447,600"
 295,Melrose Park,"$1,447,100"
 296,Denistone West,"$1,447,000"
 297,Newtown,"$1,444,500"
 298,Daceyville,"$1,439,800"
 299,Terrey Hills,"$1,436,000"
 300,North Epping,"$1,431,800"
 301,Darlington,"$1,431,400"
 302,Earlwood,"$1,430,500"
 302,West Ryde,"$1,430,500"
 304,Erskineville,"$1,429,900"
 305,Mays Hill,"$1,428,300"
 306,Marrickville,"$1,421,700"
 307,Cherrybrook,"$1,420,500"
 308,Castle Hill,"$1,420,000"
 308,Pheasants Nest,"$1,420,000"
 310,Werri Beach,"$1,417,600"
 311,Castlereagh,"$1,413,300"
 312,Warriewood,"$1,412,700"
 313,Arcadia,"$1,412,500"
 314,Leichhardt,"$1,406,300"
 315,Eastlakes,"$1,397,600"
 316,Black Hill,"$1,393,300"
 316,Broughton Vale,"$1,393,300"
 318,Camperdown,"$1,390,100"
 319,Broken Head,"$1,390,000"
 320,Enmore,"$1,389,600"
 321,Ramsgate,"$1,388,800"
 322,South Maroota,"$1,385,600"
 323,Bellawongarah,"$1,383,300"
 324,Minto Heights,"$1,378,300"
 325,Homebush West,"$1,376,600"
 326,Grasmere,"$1,374,800"
 327,Oatlands,"$1,363,800"
 328,Hurstville,"$1,363,600"
 329,Galston,"$1,359,600"
 330,Woodlands,"$1,358,300"
 331,Stanwell Park,"$1,357,800"
 332,Bywong,"$1,356,000"
 333,Carlingford,"$1,355,900"
 334,Jeir,"$1,355,000"
 334,Long Point,"$1,355,000"
 336,Westleigh,"$1,351,000"
 337,Zetland,"$1,348,700"
 338,Eureka,"$1,348,300"
 339,Mcdougalls Hill,"$1,347,500"
 340,Croydon Park,"$1,338,500"
 341,Carlton,"$1,338,100"
 342,Gymea Bay,"$1,334,400"
 343,Fishermans Bay,"$1,329,300"
 344,Pennant Hills,"$1,329,100"
 345,Botany,"$1,326,800"
 346,The Junction,"$1,324,300"
 347,Kurnell,"$1,319,200"
 348,Kyeemagh,"$1,314,900"
 349,Wedderburn,"$1,312,500"
 350,Lakesland,"$1,308,300"
 351,Meadowbank,"$1,302,300"
 352,Vineyard,"$1,300,000"
 353,Springrange,"$1,298,700"
 354,Brookvale,"$1,298,500"
 355,Tomago,"$1,296,600"
 356,St Huberts Island,"$1,293,600"
 357,Coolangatta,"$1,293,300"
 358,St Peters,"$1,283,200"
 359,Grays Point,"$1,280,800"
 360,Harris Park,"$1,277,900"
 361,Jilliby,"$1,276,600"
 362,Oyster Bay,"$1,276,300"
 363,Alfords Point,"$1,276,200"
 364,Mascot,"$1,272,700"
 365,Hyams Beach,"$1,271,600"
 365,Kulnura,"$1,271,600"
 367,Beverley Park,"$1,268,400"
 368,Crabbes Creek,"$1,263,300"
 369,Suffolk Park,"$1,260,100"
 370,Merewether,"$1,250,300"
 371,Sylvania Waters,"$1,247,200"
 372,Lugarno,"$1,246,200"
 373,Bardwell Park,"$1,246,100"
 374,Bonnet Bay,"$1,245,600"
 375,Como,"$1,245,500"
 376,Austinmer,"$1,245,300"
 377,Penrose,"$1,241,600"
 378,Rydalmere,"$1,236,500"
 379,Normanhurst,"$1,236,100"
 380,Pitt Town,"$1,235,300"
 381,Illawong,"$1,235,200"
 382,Waterloo,"$1,233,500"
 383,North Rocks,"$1,228,800"
 384,Pearl Beach,"$1,226,600"
 385,Killcare Heights,"$1,226,400"
 386,Hillsdale,"$1,225,000"
 387,Beaconsfield,"$1,223,800"
 388,Liberty Grove,"$1,223,300"
 389,Clemton Park,"$1,213,200"
 390,Patonga,"$1,211,700"
 391,Splitters Creek,"$1,211,600"
 392,Bexley North,"$1,210,900"
 393,Binna Burra,"$1,210,000"
 394,Kellyville,"$1,206,600"
 395,Rockdale,"$1,206,500"
 396,Woronora,"$1,203,300"
 397,Canterbury,"$1,203,200"
 398,Telopea,"$1,198,100"
 399,Newington,"$1,197,900"
 400,Beverly Hills,"$1,186,800"
 401,Mount Lewis,"$1,182,100"
 402,Tempe,"$1,181,400"
 403,Penshurst,"$1,180,500"
 404,Fountaindale,"$1,180,000"
 405,Barden Ridge,"$1,178,300"
 406,Waitara,"$1,178,100"
 407,Beaumont Hills,"$1,177,600"
 408,Arncliffe,"$1,174,900"
 409,Wentworth Point,"$1,173,600"
 410,Thirroul,"$1,173,400"
 411,Kingsgrove,"$1,171,300"
 412,Dundas,"$1,168,700"
 413,Royalla,"$1,165,000"
 414,Sydenham,"$1,164,500"
 415,Peakhurst Heights,"$1,162,000"
 416,Marsfield,"$1,160,700"
 417,Bexley,"$1,159,700"
 418,Knockrow,"$1,156,600"
 418,Ultimo,"$1,156,600"
 420,Pretty Beach,"$1,155,800"
 421,Strathfield South,"$1,154,800"
 422,Bundeena,"$1,153,400"
 423,Kogarah,"$1,152,300"
 424,Wollombi,"$1,146,600"
 425,Eltham,"$1,143,300"
 425,Londonderry,"$1,143,300"
 427,Wyong Creek,"$1,141,600"
 428,Ermington,"$1,141,500"
 429,Scarborough,"$1,141,000"
 430,Werombi,"$1,138,700"
 431,Otford,"$1,137,500"
 432,Hamilton East,"$1,135,000"
 433,North Avoca,"$1,130,300"
 434,Bardwell Valley,"$1,130,100"
 435,Maianbar,"$1,128,300"
 436,Kareela,"$1,128,200"
 437,Hornsby,"$1,125,700"
 438,Carwoola,"$1,125,600"
 439,Scotland Island,"$1,125,000"
 439,Shannon Vale,"$1,125,000"
 441,South Hurstville,"$1,123,800"
 442,Hornsby Heights,"$1,123,500"
 443,Fingal Head,"$1,122,500"
 444,Belfield,"$1,122,000"
 445,Thornleigh,"$1,120,900"
 446,Sylvania,"$1,120,700"
 447,Catherine Field,"$1,120,600"
 448,Picnic Point,"$1,119,900"
 449,Pindimar,"$1,116,600"
 450,East Kurrajong,"$1,116,200"
 451,Asquith,"$1,116,100"
 452,Banksia,"$1,115,400"
 453,Minnamurra,"$1,114,500"
 454,Baulkham Hills,"$1,110,800"
 455,Kingscliff,"$1,109,900"
 456,Miranda,"$1,107,300"
 457,Sun Valley,"$1,106,600"
 458,Barrack Point,"$1,106,200"
 459,Avoca Beach,"$1,105,900"
 460,Allawah,"$1,103,900"
 461,Grose Vale,"$1,103,700"
 462,Newcastle,"$1,099,600"
 463,Campsie,"$1,095,700"
 464,Rosebank,"$1,095,300"
 465,Megalong,"$1,095,000"
 466,Berry,"$1,094,100"
 467,Mount Wilson,"$1,091,500"
 468,Elizabeth Hills,"$1,091,400"
 469,Belimbla Park,"$1,087,500"
 470,Lidcombe,"$1,085,300"
 471,Mortdale,"$1,075,100"
 472,Ellis Lane,"$1,075,000"
 473,Bulli,"$1,074,700"
 474,Caringbah,"$1,073,800"
 475,Dundas Valley,"$1,071,300"
 476,Sackville North,"$1,070,000"
 477,Mount Colah,"$1,069,900"
 478,Casuarina,"$1,069,600"
 479,Menangle,"$1,069,000"
 480,Bowral,"$1,068,300"
 481,Bangalow,"$1,065,100"
 481,Mount Pleasant,"$1,065,100"
 483,Brogers Creek,"$1,063,300"
 484,Voyager Point,"$1,058,400"
 485,Hamilton South,"$1,056,700"
 486,Woronora Heights,"$1,055,900"
 487,Mortlake,"$1,053,300"
 487,Mullumbimby Creek,"$1,053,300"
 489,Avoca,"$1,052,500"
 490,Wallarah,"$1,048,300"
 491,Yarrawarrah,"$1,040,500"
 492,Parramatta,"$1,039,800"
 493,Great Mackerel Beach,"$1,038,300"
 494,High Range,"$1,036,600"
 495,Yarramundi,"$1,036,200"
 496,Kirrawee,"$1,036,000"
 497,The Ponds,"$1,035,500"
 498,Belmore,"$1,034,300"
 499,Tennyson,"$1,033,300"
 500,Camden Park,"$1,032,300"
 501,Rouse Hill,"$1,031,000"
 502,Burrawang,"$1,030,000"
 502,Exeter,"$1,030,000"
 504,Lennox Head,"$1,029,300"
 505,Berowra,"$1,028,300"
 506,Copacabana,"$1,026,700"
 507,Hartley,"$1,026,600"
 508,Daleys Point,"$1,025,800"
 509,Warwick Farm,"$1,023,300"
 510,Bombo,"$1,020,000"
 511,Fernleigh,"$1,019,100"
 512,Forresters Beach,"$1,017,400"
 513,Peakhurst,"$1,013,500"
 514,Merewether Heights,"$1,012,100"
 515,Riverside,"$1,011,600"
 516,Rothbury,"$1,011,000"
 517,Kellyville Ridge,"$1,008,900"
 518,Cowan,"$1,008,700"
 519,Robin Hill,"$1,007,000"
 520,Westmead,"$1,006,300"
 521,Grose Wold,"$1,005,000"
 522,Berowra Heights,"$1,003,500"
 523,Glenwood,"$1,003,100"
 524,Maitland Vale,"$1,001,600"
 525,Sandy Point,"$1,001,300"
 526,Kurrajong,"$999,100"
 527,Huskisson,"$999,000"
 528,Jannali,"$998,300"
 529,Wamberal,"$995,600"
 530,Kangaroo Valley,"$994,500"
 531,The Ridgeway,"$994,300"
 532,Narwee,"$994,200"
 533,Chapman,"$993,300"
 533,Mount Rankin,"$993,300"
 535,Gymea,"$991,800"
 536,Kiama Heights,"$989,600"
 537,Loftus,"$988,200"
 538,Tapitallee,"$987,500"
 539,Wallacia,"$986,600"
 540,Bendalong,"$984,300"
 541,Menai,"$983,300"
 541,Sutton,"$983,300"
 541,Wildes Meadow,"$983,300"
 544,Turrella,"$982,800"
 545,Bangor,"$982,600"
 546,Little Forest,"$978,300"
 546,Sutton Forest,"$978,300"
 548,Coasters Retreat,"$977,000"
 549,Coal Point,"$976,600"
 550,Kanimbla,"$975,000"
 551,Abbotsbury,"$971,700"
 552,Rous,"$971,600"
 553,Quorrobolong,"$969,100"
 553,Redhead,"$969,100"
 555,Bankstown,"$968,800"
 556,Luddenham,"$967,000"
 557,Repentance Creek,"$966,600"
 558,Wentworthville,"$966,300"
 559,Holroyd,"$965,000"
 560,Clothiers Creek,"$961,600"
 560,Wakefield,"$961,600"
 562,Mount Kuring-gai,"$961,000"
 563,Upper Kangaroo River,"$960,800"
 564,Elvina Bay,"$960,000"
 565,Cudgera Creek,"$959,100"
 566,Brunswick Heads,"$956,600"
 567,Winston Hills,"$956,100"
 568,Roselands,"$954,400"
 569,Mossy Point,"$952,000"
 570,Blue Bay,"$950,500"
 571,St Albans,"$950,000"
 572,Terrigal,"$948,800"
 573,Urliup,"$946,600"
 574,Brightwaters,"$946,400"
 575,East Hills,"$946,200"
 576,Silverdale,"$944,500"
 577,Coffs Harbour Jetty,"$944,100"
 578,Empire Bay,"$941,800"
 579,Harrington Park,"$941,300"
 580,Panania,"$938,700"
 581,Revesby Heights,"$938,500"
 582,McLeans Ridges,"$936,000"
 583,Federal,"$935,100"
 584,Douglas Park,"$935,000"
 585,Goonengerry,"$932,200"
 586,Mount Ousley,"$931,600"
 586,West Wiangaree,"$931,600"
 588,Lilli Pilli,"$930,700"
 589,Cecil Hills,"$928,900"
 590,Skennars Head,"$927,700"
 590,Sutherland,"$927,700"
 592,MacQuarie Links,"$927,100"
 593,Shelly Beach,"$925,700"
 594,Engadine,"$924,800"
 595,Heathcote,"$924,700"
 595,Padstow,"$924,700"
 597,Crackenback,"$924,600"
 598,North Parramatta,"$924,000"
 599,Gundaroo,"$923,100"
 600,Falls Creek,"$923,000"
 601,Gerringong,"$922,200"
 602,Kings Langley,"$921,300"
 603,Norah Head,"$921,200"
 603,Nowra Hill,"$921,200"
 605,Northmead,"$920,700"
 606,Revesby,"$920,400"
 607,Glenbrook,"$920,300"
 608,Wamboin,"$920,000"
 609,Windella,"$918,300"
 610,Stanhope Gardens,"$917,700"
 611,Riverwood,"$917,500"
 612,Shell Cove,"$916,200"
 613,Bilpin,"$915,000"
 613,Ramsgate Beach,"$915,000"
 615,Blueys Beach,"$914,000"
 616,Pampoolah,"$911,600"
 616,Rous Mill,"$911,600"
 618,Cawdor,"$910,000"
 618,White Rock,"$910,000"
 620,Mandalong,"$909,000"
 621,Greenleigh,"$907,400"
 622,Jamberoo,"$907,300"
 623,Condell Park,"$906,100"
 624,Murrumbateman,"$905,400"
 625,Erina Heights,"$905,000"
 625,South Durras,"$905,000"
 627,The Oaks,"$904,700"
 628,One Mile,"$904,600"
 629,Swansea Heads,"$904,200"
 630,Kiama,"$901,800"
 631,Prairiewood,"$901,500"
 632,Colebee,"$896,900"
 633,Chipping Norton,"$896,700"
 634,Cooks Hill,"$896,300"
 635,Martinsville,"$896,000"
 636,Waterfall,"$895,600"
 637,Georges Hall,"$894,600"
 638,Parma,"$894,000"
 639,Edensor Park,"$893,800"
 640,Greenacre,"$891,500"
 641,Mulgrave,"$890,600"
 642,Padstow Heights,"$889,200"
 643,Leura,"$885,400"
 644,Mangrove Mountain,"$885,000"
 645,Catherine Hill Bay,"$883,300"
 646,Maryville,"$882,600"
 647,Rosehill,"$879,300"
 648,Cabramatta West,"$878,800"
 649,Towradgi,"$878,400"
 650,Dudley,"$878,200"
 651,Merrylands,"$876,500"
 652,Carnes Hill,"$876,200"
 653,Denham Court,"$876,100"
 654,Stockton,"$875,700"
 655,Bonnyrigg Heights,"$874,900"
 656,Edmondson Park,"$874,300"
 657,Stanwell Tops,"$873,900"
 658,Blaxlands Ridge,"$873,000"
 659,Lambs Valley,"$871,600"
 660,Woodville,"$870,000"
 661,Caddens,"$869,900"
 662,Dangar Island,"$868,300"
 663,Arrawarra Headland,"$865,000"
 663,Cuttagee,"$865,000"
 663,Toowoon Bay,"$865,000"
 666,Pemulwuy,"$863,000"
 667,Mangerton,"$862,300"
 668,Glen Alpine,"$861,600"
 669,Loomberah,"$861,200"
 670,Macquarie Park,"$861,000"
 671,Bogangar,"$859,800"
 672,Vincentia,"$859,400"
 673,Mooney Mooney,"$859,300"
 674,Bawley Point,"$859,200"
 675,Leppington,"$859,000"
 676,Berowra Waters,"$858,300"
 676,Bungarribee,"$858,300"
 678,Mollymook Beach,"$858,100"
 679,Phegans Bay,"$856,000"
 680,Milperra,"$855,100"
 681,Farley,"$855,000"
 682,Chittaway Point,"$854,500"
 683,Nelsons Plains,"$853,000"
 684,Kiama Downs,"$852,900"
 685,New Lambton Heights,"$852,600"
 686,Cobbitty,"$852,100"
 687,Dolphin Point,"$852,000"
 688,Keiraville,"$851,400"
 689,Haywards Bay,"$850,300"
 690,Kurrajong Hills,"$850,200"
 690,Pendle Hill,"$850,200"
 692,Punchbowl,"$850,000"
 693,Caves Beach,"$849,600"
 694,Clifton Grove,"$849,000"
 695,Bossley Park,"$848,900"
 696,Moorebank,"$846,300"
 697,Wollongong,"$845,000"
 698,Balgownie,"$844,300"
 699,Laffing Waters,"$843,600"
 700,Lakelands,"$843,200"
 701,Lakemba,"$841,800"
 701,West Hoxton,"$841,800"
 703,Putta Bucca,"$841,600"
 704,Canley Vale,"$840,600"
 705,Billinudgel,"$840,000"
 705,Dalwood,"$840,000"
 707,Auburn,"$839,500"
 708,Main Arm,"$838,500"
 709,Sandgate,"$838,300"
 710,Old Toongabbie,"$837,800"
 711,St Johns Park,"$837,600"
 712,South Golden Beach,"$837,500"
 713,Acacia Gardens,"$837,400"
 714,Chester Hill,"$836,100"
 715,Berala,"$835,900"
 716,Constitution Hill,"$832,900"
 717,Woonona,"$832,600"
 718,Girraween,"$832,400"
 719,Greystanes,"$829,700"
 720,Eleebana,"$828,300"
 721,Bass Hill,"$827,700"
 722,Bangalee,"$826,700"
 723,Schofields,"$824,800"
 724,South Wentworthville,"$824,400"
 725,South Granville,"$822,000"
 726,Helensburgh,"$820,200"
 727,Wilberforce,"$819,500"
 728,Box Hill,"$819,400"
 729,Conjola,"$818,600"
 730,Cordeaux Heights,"$817,400"
 731,Shellharbour,"$817,300"
 732,Freemans Reach,"$816,800"
 733,Russell Vale,"$816,500"
 734,Leonay,"$816,400"
 735,Wiley Park,"$815,400"
 736,Bundanoon,"$815,100"
 736,Soldiers Point,"$815,100"
 738,Sefton,"$814,500"
 739,Middleton Grange,"$813,700"
 740,Louth Park,"$813,300"
 741,Yagoona,"$812,600"
 742,Wilton,"$811,600"
 743,Fairfield Heights,"$809,300"
 744,East Corrimal,"$809,100"
 745,Adamstown Heights,"$808,600"
 746,East Ballina,"$807,800"
 747,Bobs Farm,"$807,500"
 748,Brooklyn,"$807,000"
 749,Parklea,"$805,300"
 750,Callala Beach,"$805,100"
 751,Balaclava,"$805,000"
 751,Tregeagle,"$805,000"
 753,Granville,"$804,900"
 754,Braemar,"$804,200"
 755,Mullumbimby,"$802,800"
 756,Brandy Hill,"$802,000"
 757,Corlette,"$800,500"
 758,Boambee,"$799,100"
 759,Canyonleigh,"$798,300"
 760,Gledswood Hills,"$797,500"
 761,Boat Harbour,"$796,000"
 761,Budgong,"$796,000"
 763,Holsworthy,"$795,300"
 763,Sancrox,"$795,300"
 765,Red Head,"$795,000"
 766,Davistown,"$794,500"
 767,Robertson,"$793,800"
 768,Salamander Bay,"$793,200"
 769,Horningsea Park,"$791,600"
 769,Lapstone,"$791,600"
 771,Toongabbie,"$791,500"
 771,Wattle Grove,"$791,500"
 773,Yattalunga,"$790,600"
 774,Tallawang,"$790,000"
 775,Regentville,"$789,300"
 776,Canley Heights,"$789,000"
 777,Jerrabomberra,"$788,900"
 778,Gwynneville,"$788,000"
 779,King Creek,"$787,300"
 780,Wendoree Park,"$786,600"
 781,Marsden Park,"$786,200"
 782,Saratoga,"$786,000"
 783,Silverwater,"$785,600"
 784,Claymore,"$785,000"
 785,Figtree,"$783,700"
 786,Ebenezer,"$783,600"
 787,Green Valley,"$783,400"
 788,New Lambton,"$783,000"
 788,Wyee,"$783,000"
 790,Guildford,"$781,800"
 791,Dunbible,"$781,000"
 792,Bexhill,"$780,000"
 792,Burra,"$780,000"
 792,Magenta,"$780,000"
 795,Clunes,"$779,700"
 796,Nords Wharf,"$779,300"
 797,Fishing Point,"$779,000"
 798,Camden Head,"$776,300"
 799,Regents Park,"$776,000"
 800,Uralba,"$775,300"
 801,Angourie,"$775,200"
 802,Mount Kembla,"$775,000"
 803,Yellow Rock,"$774,900"
 804,Cudgen,"$774,700"
 805,Greenfield Park,"$774,300"
 806,Prospect,"$773,300"
 807,South Ballina,"$771,600"
 808,Woy Woy Bay,"$770,000"
 809,Garden Suburb,"$769,500"
 810,Redbank,"$768,300"
 811,Yerrinbool,"$767,800"
 812,Kurmond,"$767,500"
 813,Picton,"$766,800"
 814,Merrylands West,"$766,700"
 815,Cheero Point,"$766,600"
 815,Condong,"$766,600"
 815,Tuckombil,"$766,600"
 818,Corrimal,"$764,800"
 819,Booker Bay,"$763,000"
 820,Wetherill Park,"$762,500"
 821,Birrong,"$761,800"
 822,Port Kembla,"$761,700"
 823,Blaxland,"$759,700"
 824,East Jindabyne,"$759,600"
 825,Valentine,"$758,400"
 826,Colo Vale,"$758,000"
 827,Claremont Meadows,"$757,200"
 828,Mitchells Flat,"$756,600"
 828,Sapphire Beach,"$756,600"
 830,Ettalong Beach,"$755,400"
 831,Horsfield Bay,"$755,200"
 832,Moss Vale,"$755,000"
 833,Fairy Meadow,"$754,500"
 834,Bensville,"$754,200"
 835,Black Head,"$753,600"
 836,Quakers Hill,"$753,300"
 836,Windera,"$753,300"
 838,Green Point,"$752,800"
 839,Murrays Beach,"$752,500"
 840,Dum Dum,"$751,600"
 841,Primbee,"$751,200"
 842,Glenmore Park,"$750,100"
 843,Guerilla Bay,"$750,000"
 844,Pambula Beach,"$749,800"
 845,Meerschaum Vale,"$749,100"
 846,Whitebridge,"$747,900"
 847,Little Hartley,"$747,800"
 847,Prestons,"$747,800"
 849,Coolagolite,"$746,300"
 849,Valla,"$746,300"
 851,Fairfield West,"$745,800"
 852,Crescent Head,"$744,800"
 853,Emu Plains,"$743,900"
 854,Mittagong,"$742,700"
 855,Tighes Hill,"$742,100"
 856,Oran Park,"$741,800"
 857,Renwick,"$741,000"
 857,Tweed Heads,"$741,000"
 859,Appin,"$740,700"
 859,Guildford West,"$740,700"
 861,Forest Reefs,"$740,600"
 862,Casula,"$740,400"
 863,McGraths Hill,"$739,300"
 864,Korora,"$738,900"
 865,Hammondville,"$738,800"
 866,Seven Hills,"$738,200"
 867,Tarrawanna,"$736,900"
 868,Fingal Bay,"$736,500"
 869,Bungendore,"$736,400"
 870,Failford,"$735,500"
 871,Fairfield,"$735,400"
 872,Ocean Shores,"$734,000"
 873,Mount Keira,"$733,800"
 874,Sawtell,"$733,500"
 875,East Bowral,"$732,700"
 875,Hinchinbrook,"$732,700"
 877,Riverstone,"$732,200"
 878,Pearces Creek,"$732,100"
 879,Fullerton Cove,"$731,500"
 880,Woodcroft,"$731,100"
 881,Kings Point,"$731,000"
 882,Sunshine,"$730,700"
 883,Fitzroy Falls,"$730,600"
 884,Tumbi Umbi,"$730,400"
 885,Speers Point,"$730,300"
 886,Pelican,"$728,500"
 887,Austral,"$728,200"
 888,Wooloweyah,"$728,100"
 889,Rosedale,"$727,500"
 890,Jeremadra,"$727,000"
 891,Blair Athol,"$726,500"
 892,Bateau Bay,"$726,400"
 893,Springvale,"$726,200"
 894,Willow Vale,"$725,000"
 895,Mount Riverview,"$724,800"
 896,Hinton,"$723,800"
 897,Minchinbury,"$723,300"
 898,Erskine Park,"$723,200"
 899,Springwood,"$723,000"
 900,Googong,"$722,600"
 901,Murray Downs,"$721,600"
 901,Table Top,"$721,600"
 903,Mirrabooka,"$721,100"
 904,Cobaki,"$721,000"
 905,Liverpool,"$720,900"
 906,Elrington,"$720,600"
 907,Pottsville,"$720,200"
 908,Glenning Valley,"$719,500"
 909,Smithfield,"$719,200"
 909,Springfield,"$719,200"
 911,Erina,"$719,000"
 911,Mount Annan,"$719,000"
 913,Old Guildford,"$718,100"
 914,Lansvale,"$718,000"
 915,Point Clare,"$717,800"
 915,Tomakin,"$717,800"
 917,Leconfield,"$717,500"
 918,Adamstown,"$717,400"
 919,Bargo,"$716,700"
 920,Flinders,"$716,500"
 921,Hamilton,"$716,200"
 922,Kilaben Bay,"$716,100"
 923,Michelago,"$716,000"
 924,Eagleton,"$715,000"
 924,Lovedale,"$715,000"
 926,Cabramatta,"$713,900"
 927,O'connell,"$713,700"
 928,Nelson Bay,"$713,600"
 929,Tomerong,"$712,800"
 930,Terranora,"$710,900"
 930,Umina Beach,"$710,900"
 932,Lisarow,"$710,400"
 933,Emerald Beach,"$710,200"
 934,Agnes Banks,"$710,000"
 934,Kings Park,"$710,000"
 934,Marrangaroo,"$710,000"
 937,Gunderman,"$709,000"
 938,Bilambil,"$708,300"
 938,Wattle Ponds,"$708,300"
 940,Moonee Beach,"$706,700"
 941,Welby,"$706,600"
 942,Linden,"$706,500"
 943,Bardia,"$705,300"
 944,Richmond Hill,"$705,000"
 945,Wakeley,"$704,100"
 946,Borenore,"$703,800"
 947,Fernhill,"$703,700"
 948,Bonnyrigg,"$703,500"
 948,Jordan Springs,"$703,500"
 950,Richmond,"$703,100"
 951,Mount Hunter,"$703,000"
 952,East Gosford,"$702,100"
 953,Milton,"$702,000"
 954,Woodpark,"$701,600"
 955,Thirlmere,"$701,500"
 956,Elderslie,"$701,200"
 957,Hawkesbury Heights,"$701,100"
 958,Vacy,"$701,000"
 959,Glossodia,"$700,800"
 960,Buttaba,"$700,500"
 960,Tea Gardens,"$700,500"
 962,Bullaburra,"$699,800"
 963,Narrawallee,"$699,200"
 964,The Entrance North,"$698,600"
 965,Conjola Park,"$698,300"
 965,Seaham,"$698,300"
 967,Wongawilli,"$697,900"
 968,Bellambi,"$697,400"
 969,Cumbalum,"$696,700"
 970,Keith Hall,"$696,600"
 971,Bolwarra,"$695,600"
 972,Wentworth Falls,"$695,300"
 973,Spring Farm,"$695,200"
 974,Mount Pritchard,"$694,600"
 975,Duns Creek,"$694,500"
 976,Glenfield,"$694,100"
 977,Hoxton Park,"$694,000"
 978,Balmoral,"$693,900"
 979,Fern Bay,"$693,800"
 980,East Seaham,"$693,300"
 980,Tacoma South,"$693,300"
 980,Warnervale,"$693,300"
 983,Gregory Hills,"$693,200"
 984,North Richmond,"$693,000"
 985,West Wollongong,"$692,800"
 986,Llandilo,"$692,700"
 987,Wallalong,"$691,600"
 988,Kincumber,"$691,300"
 989,Cunjurong Point,"$691,100"
 990,Winmalee,"$690,600"
 991,Bulga,"$690,000"
 991,Ourimbah,"$690,000"
 993,Bellingen,"$689,400"
 993,Villawood,"$689,400"
 995,Bucca,"$689,300"
 996,Brunkerville,"$689,100"
 996,Williamtown,"$689,100"
 998,Dora Creek,"$688,800"
 999,Blacksmiths,"$688,400"
 1000,Upper MacDonald,"$688,300"
 1001,Corrimal East,"$687,600"
 1002,Fairfield East,"$687,200"
 1003,Couridjah,"$686,600"
 1004,Emu Heights,"$686,400"
 1005,Windsor,"$686,300"
 1006,Long Beach,"$686,200"
 1007,Blacktown,"$685,200"
 1008,Mollymook,"$684,900"
 1009,Monaltrie,"$683,300"
 1009,North Tumbulgum,"$683,300"
 1011,Camden,"$682,700"
 1012,Safety Beach,"$682,500"
 1013,Bolwarra Heights,"$681,800"
 1013,Lake Conjola,"$681,800"
 1015,Yass River,"$681,700"
 1016,Koolewong,"$681,000"
 1017,St Clair,"$679,300"
 1018,Calderwood,"$678,000"
 1019,Woodbine,"$677,800"
 1020,Windang,"$677,200"
 1021,Elizabeth Beach,"$677,000"
 1022,Oxley Island,"$676,600"
 1023,Wickham,"$676,100"
 1024,Kurrajong Heights,"$676,000"
 1025,Chisholm,"$675,500"
 1026,Berrara,"$675,000"
 1027,Arding,"$674,600"
 1028,Gilead,"$674,300"
 1028,Logans Crossing,"$674,300"
 1030,Yanderra,"$674,200"
 1031,Nunderi,"$672,300"
 1032,Lake Cathie,"$672,200"
 1033,Lorn,"$671,800"
 1034,Bombira,"$671,600"
 1035,Dunbogan,"$671,400"
 1036,Pumpenbil,"$671,300"
 1037,Morisset Park,"$671,100"
 1038,Camden South,"$670,600"
 1039,Kembla Grange,"$670,400"
 1040,Empire Vale,"$670,000"
 1040,Stokers Siding,"$670,000"
 1042,Valley Heights,"$669,300"
 1043,Horsley,"$665,800"
 1044,Narellan Vale,"$665,000"
 1045,Long Jetty,"$663,500"
 1046,Belmont,"$663,400"
 1047,North Arm,"$663,300"
 1047,North Shore,"$663,300"
 1049,Lambton,"$663,100"
 1050,Hamilton North,"$660,800"
 1050,Myola,"$660,800"
 1052,Congo,"$659,300"
 1053,Faulconbridge,"$658,700"
 1053,Mullaway,"$658,700"
 1055,Jewells,"$658,600"
 1056,Woongarrah,"$658,500"
 1057,Repton,"$657,800"
 1058,Farmborough Heights,"$657,500"
 1059,Carrington,"$657,100"
 1060,Wangi Wangi,"$656,800"
 1061,Blackheath,"$656,100"
 1062,Brierfield,"$655,100"
 1063,Glendenning,"$655,000"
 1064,Warners Bay,"$654,400"
 1065,Tallong,"$653,500"
 1066,Culburra Beach,"$653,300"
 1067,Bonny Hills,"$653,000"
 1068,South Penrith,"$652,700"
 1069,Jamisontown,"$652,600"
 1070,Medway,"$651,600"
 1070,Woollamia,"$651,600"
 1072,Ashcroft,"$650,500"
 1073,Kariong,"$650,400"
 1074,Doonside,"$650,000"
 1074,Patchs Beach,"$650,000"
 1076,Kotara,"$649,400"
 1076,Woodford,"$649,400"
 1078,Fletcher,"$649,100"
 1079,Jindabyne,"$648,700"
 1080,Broadmeadow,"$647,600"
 1081,Bingie,"$647,500"
 1081,Currarong,"$647,500"
 1083,Plumpton,"$647,200"
 1084,Waramanga,"$647,100"
 1085,Yennora,"$646,600"
 1086,Pokolbin,"$645,800"
 1087,Oakdale,"$645,500"
 1088,Carey Bay,"$645,200"
 1089,Eastern Creek,"$645,100"
 1090,Rooty Hill,"$645,000"
 1090,Scotts Head,"$645,000"
 1092,Cumberland Reach,"$643,300"
 1093,Awaba,"$641,300"
 1094,Lower Portland,"$641,000"
 1095,Marayong,"$640,500"
 1096,Kahibah,"$640,300"
 1097,Coniston,"$640,200"
 1098,Blairmount,"$640,000"
 1098,Burringbar,"$640,000"
 1100,Lalor Park,"$639,700"
 1101,Banora Point,"$639,600"
 1102,Tascott,"$638,800"
 1103,Graman,"$638,300"
 1104,Crowdy Head,"$637,300"
 1105,Turlinjah,"$637,200"
 1106,Bonnells Bay,"$636,600"
 1106,Piggabeen,"$636,600"
 1108,Narellan,"$636,400"
 1109,Grabben Gullen,"$636,200"
 1110,Currans Hill,"$636,100"
 1111,Werrington County,"$635,500"
 1112,Woy Woy,"$635,300"
 1113,Caniaba,"$635,000"
 1114,Dean Park,"$634,800"
 1115,Cranebrook,"$634,100"
 1116,Mardi,"$633,800"
 1117,Largs,"$633,700"
 1118,Boydtown,"$633,300"
 1118,Hat Head,"$633,300"
 1118,North Wollongong,"$633,300"
 1121,Hallidays Point,"$633,200"
 1122,Oak Flats,"$633,000"
 1122,Yarramalong,"$633,000"
 1124,Evans Head,"$632,800"
 1125,Sussex Inlet,"$632,700"
 1126,Narara,"$631,800"
 1126,Rivett,"$631,800"
 1128,Cams Wharf,"$631,700"
 1128,Rankin Park,"$631,700"
 1130,Araluen,"$631,600"
 1131,Cameron Park,"$631,500"
 1132,Ropes Crossing,"$631,000"
 1133,North Haven,"$630,800"
 1134,Lindendale,"$630,000"
 1135,Carramar,"$629,900"
 1136,Bligh Park,"$629,800"
 1137,Warrimoo,"$629,200"
 1138,Morton,"$629,100"
 1139,Kearns,"$628,500"
 1140,Collector,"$627,500"
 1140,Kangy Angy,"$627,500"
 1142,Upper Orara,"$627,000"
 1143,West Ballina,"$625,700"
 1144,Bowen Mountain,"$625,500"
 1145,St Andrews,"$625,400"
 1146,Lurnea,"$625,300"
 1147,Ingleburn,"$625,000"
 1148,Islington,"$624,700"
 1149,Lochiel,"$624,600"
 1150,Greenwell Point,"$623,900"
 1151,Albion Park,"$623,100"
 1152,Katoomba,"$622,700"
 1153,Palmers Island,"$622,500"
 1154,Tullimbar,"$620,900"
 1155,Blackwall,"$620,800"
 1156,Arakoon,"$620,200"
 1157,Pimlico,"$620,000"
 1157,Werrington Downs,"$620,000"
 1159,Bonville,"$619,800"
 1160,Cambewarra Village,"$619,300"
 1160,Teven,"$619,300"
 1162,Durras North,"$619,100"
 1163,Cambridge Gardens,"$618,300"
 1164,Kotara South,"$617,800"
 1165,Paterson,"$617,600"
 1166,Floraville,"$616,800"
 1167,Brooms Head,"$616,300"
 1168,Shoalhaven Heads,"$616,200"
 1169,Broulee,"$615,600"
 1170,Alstonville,"$615,400"
 1171,Chinderah,"$615,300"
 1172,Cardiff Heights,"$615,200"
 1173,The Entrance,"$615,000"
 1173,Wandandian,"$615,000"
 1175,Blackbutt,"$614,200"
 1176,Bermagui,"$613,900"
 1177,Busby,"$613,400"
 1178,Lewis Ponds,"$613,300"
 1179,Tathra,"$612,900"
 1180,Boomerang Beach,"$612,300"
 1181,Bilambil Heights,"$611,500"
 1182,Oakhurst,"$611,300"
 1183,Shoal Bay,"$610,500"
 1183,Wallaga Lake,"$610,500"
 1185,Macquarie Hills,"$610,200"
 1186,Karangi,"$610,000"
 1187,Wadalba,"$609,500"
 1188,Charlestown,"$609,100"
 1189,Avondale,"$608,800"
 1190,Lake Innes,"$608,300"
 1191,Fennell Bay,"$608,000"
 1192,Minto,"$607,900"
 1193,Colyton,"$607,800"
 1194,Croudace Bay,"$607,100"
 1195,Heckenberg,"$607,000"
 1196,Highfields,"$606,700"
 1197,Wolumla,"$606,600"
 1198,Hassall Grove,"$606,400"
 1199,Callala Bay,"$605,900"
 1200,Warabrook,"$604,500"
 1201,Mount Druitt,"$604,400"
 1202,Aylmerton,"$604,300"
 1203,South Windsor,"$604,200"
 1204,Batehaven,"$603,600"
 1205,Palmers Channel,"$602,800"
 1205,Wallagoot,"$602,800"
 1207,Hamlyn Terrace,"$602,600"
 1208,Swansea,"$602,400"
 1209,Raby,"$602,300"
 1210,Ballina,"$600,400"
 1210,Chittaway Bay,"$600,400"
 1210,Port Macquarie,"$600,400"
 1213,Cooranbong,"$600,100"
 1214,Killarney Vale,"$600,000"
 1215,Marmong Point,"$599,300"
 1216,Terara,"$598,300"
 1216,Tura Beach,"$598,300"
 1218,Niagara Park,"$598,000"
 1219,Forster,"$597,900"
 1220,Glen Oak,"$597,600"
 1221,Cambewarra,"$597,400"
 1222,Billywillinga,"$596,600"
 1222,Boeill Creek,"$596,600"
 1222,Mount Saint Thomas,"$596,600"
 1222,Nashdale,"$596,600"
 1222,South Bowenfels,"$596,600"
 1222,Thrumster,"$596,600"
 1228,Lawson,"$594,300"
 1229,Georgetown,"$594,000"
 1230,Bow Bowing,"$593,600"
 1231,Arrawarra,"$593,300"
 1232,Tahmoor,"$593,200"
 1233,Wallabi Point,"$592,000"
 1234,Hobartville,"$591,900"
 1235,Hazelbrook,"$591,800"
 1236,Woodford Island,"$591,600"
 1237,Kingswood,"$590,500"
 1238,Taminda,"$590,300"
 1238,Woolgoolga,"$590,300"
 1240,Milsons Passage,"$590,000"
 1241,Smiths Lake,"$589,700"
 1242,Lochinvar,"$589,500"
 1243,Sunshine Bay,"$589,200"
 1244,Uki,"$589,000"
 1245,Penrith,"$588,500"
 1246,Central Tilba,"$588,400"
 1247,Saumarez Ponds,"$588,300"
 1248,Tumbulgum,"$587,600"
 1249,Wyoming,"$587,300"
 1250,Kanahooka,"$587,200"
 1251,Salt Ash,"$586,600"
 1252,Hill Top,"$586,100"
 1253,Minnie Water,"$586,000"
 1254,Belmont South,"$585,900"
 1255,James Creek,"$585,600"
 1256,Ulladulla,"$585,400"
 1257,Lake Illawarra,"$585,100"
 1258,Leumeah,"$584,700"
 1259,Warilla,"$584,300"
 1259,Wyrallah,"$584,300"
 1261,Colo Heights,"$583,300"
 1262,Urunga,"$582,600"
 1263,Clarence Town,"$582,400"
 1264,Balcolyn,"$582,200"
 1265,Rainbow Flat,"$581,300"
 1266,Medlow Bath,"$581,200"
 1266,Merimbula,"$581,200"
 1266,Morpeth,"$581,200"
 1269,Malua Bay,"$580,700"
 1270,Berkeley Vale,"$580,600"
 1271,Yamba,"$579,300"
 1272,Hillsborough,"$579,200"
 1273,St Helens Park,"$579,100"
 1274,Mayfield,"$578,700"
 1275,Macquarie Fields,"$578,500"
 1275,Ruse,"$578,500"
 1277,Bolton Point,"$578,400"
 1278,Hawks Nest,"$578,000"
 1279,Sadleir,"$577,200"
 1280,Medowie,"$576,900"
 1281,Tallwoods Village,"$576,600"
 1282,Anna Bay,"$575,100"
 1283,Mount Warrigal,"$574,800"
 1284,Noraville,"$574,500"
 1285,Tingira Heights,"$573,400"
 1286,Eagle Vale,"$573,100"
 1287,Minmi,"$573,000"
 1288,Cambridge Park,"$572,700"
 1289,Stony Chute,"$571,600"
 1289,Upsalls Creek,"$571,600"
 1291,Ashtonfield,"$571,500"
 1292,Newcastle West,"$571,100"
 1293,Moore Creek,"$570,000"
 1293,Oxley Park,"$570,000"
 1293,Yatte Yattah,"$570,000"
 1296,Burrill Lake,"$569,500"
 1297,Wirlinga,"$569,000"
 1297,Wooli,"$569,000"
 1299,Buxton,"$568,900"
 1300,Campbelltown,"$568,200"
 1301,North Lambton,"$567,000"
 1302,Waratah,"$566,700"
 1303,Mooball,"$566,600"
 1304,Surf Beach,"$566,400"
 1305,Summerland Point,"$566,000"
 1306,Karabar,"$565,700"
 1306,Tuggerawong,"$565,700"
 1308,Tanglewood,"$565,600"
 1309,Tuggerah,"$565,200"
 1310,Byabarra,"$565,000"
 1310,Corndale,"$565,000"
 1310,Sawyers Gully,"$565,000"
 1313,Woombah,"$564,900"
 1314,Eschol Park,"$564,300"
 1315,Nulkaba,"$563,300"
 1316,Dapto,"$563,000"
 1316,Rosewood,"$563,000"
 1318,Miller,"$562,800"
 1319,North Batemans Bay,"$562,100"
 1320,East Wardell,"$561,600"
 1320,Kielvale,"$561,600"
 1322,St Marys,"$561,500"
 1323,Lake Heights,"$561,300"
 1323,Mayfield East,"$561,300"
 1325,Wollongbar,"$561,100"
 1326,Branxton,"$560,600"
 1327,Bradbury,"$560,300"
 1327,Kioloa,"$560,300"
 1329,Chain Valley Bay,"$560,100"
 1330,Killingworth,"$560,000"
 1330,Rathmines,"$560,000"
 1332,North Gosford,"$559,300"
 1333,Boolaroo,"$558,100"
 1334,Georgica,"$557,600"
 1335,Raworth,"$557,100"
 1336,Cartwright,"$556,600"
 1337,Tuncurry,"$556,200"
 1338,Barrack Heights,"$556,000"
 1338,Kingfisher Shores,"$556,000"
 1338,Modanville,"$556,000"
 1341,Mylestom,"$553,800"
 1342,Eulomogo,"$553,700"
 1343,Erowal Bay,"$553,300"
 1344,Elermore Vale,"$552,700"
 1345,Englorie Park,"$552,500"
 1346,Kew,"$552,300"
 1347,Chilcotts Grass,"$552,100"
 1348,Thora,"$552,000"
 1349,Queanbeyan West,"$551,900"
 1350,Bald Hills,"$551,200"
 1351,Tweed Heads South,"$550,800"
 1352,New Italy,"$550,000"
 1353,Llanarth,"$549,600"
 1353,Warral,"$549,600"
 1355,Toukley,"$548,900"
 1356,New Berrima,"$548,700"
 1357,West Gosford,"$548,500"
 1358,Lakewood,"$547,700"
 1359,Bungonia,"$547,300"
 1360,Meroo Meadow,"$546,300"
 1361,Keerrong,"$545,000"
 1362,Millthorpe,"$544,300"
 1363,Nelligen,"$544,100"
 1364,Wyong,"$543,800"
 1365,Lake Haven,"$543,400"
 1366,Barrington,"$542,800"
 1367,Fernmount,"$542,500"
 1367,Morisset,"$542,500"
 1367,South Nowra,"$542,500"
 1370,Abercrombie,"$542,000"
 1371,Gulmarrad,"$541,800"
 1372,Castle Doyle,"$541,600"
 1372,Laguna,"$541,600"
 1374,Harrington,"$541,500"
 1375,Millfield,"$541,200"
 1376,Rocky Point,"$541,000"
 1377,Kalaru,"$540,300"
 1377,Orient Point,"$540,300"
 1379,Kundle Kundle,"$540,000"
 1380,Marks Point,"$538,800"
 1381,South Maitland,"$538,700"
 1382,Wingello,"$538,300"
 1383,South Gundurimba,"$538,000"
 1384,Ambarvale,"$537,800"
 1385,Gwandalan,"$537,600"
 1386,Cardiff South,"$536,900"
 1387,Aberglasslyn,"$536,800"
 1388,Werrington,"$536,400"
 1389,Manning Point,"$536,200"
 1390,Wyee Point,"$535,500"
 1391,Buckajo,"$535,000"
 1391,Tweed Heads West,"$535,000"
 1393,Diamond Beach,"$534,900"
 1394,Kincumber South,"$534,300"
 1395,Booragul,"$533,600"
 1396,Belmont North,"$533,300"
 1396,Tacoma,"$533,300"
 1398,Murwillumbah,"$532,800"
 1399,Manyana,"$532,300"
 1400,Thornton,"$532,100"
 1400,West Wallsend,"$532,100"
 1402,Unanderra,"$531,900"
 1403,Rosemeadow,"$531,800"
 1404,Kianga,"$531,700"
 1405,Waratah West,"$529,700"
 1406,Sandy Beach,"$529,500"
 1407,Shalvey,"$529,000"
 1408,Dalmeny,"$528,700"
 1408,North St Marys,"$528,700"
 1410,Iluka,"$528,200"
 1411,North Casino,"$527,600"
 1412,Moruya,"$527,400"
 1413,Mayfield West,"$527,000"
 1414,Maryland,"$526,800"
 1415,Hyland Park,"$526,700"
 1415,Maloneys Beach,"$526,700"
 1417,Mystery Bay,"$526,600"
 1418,Seahampton,"$526,100"
 1419,Holmesville,"$526,000"
 1420,Coffs Harbour,"$525,300"
 1421,Currawarna,"$524,800"
 1421,Windellama,"$524,800"
 1423,North Boambee Valley,"$524,700"
 1423,North Nowra,"$524,700"
 1425,Lower Macdonald,"$524,500"
 1426,Berkeley,"$524,000"
 1426,Cudmirrah,"$524,000"
 1428,Lake Tabourie,"$523,900"
 1429,Yass,"$522,800"
 1430,Ashby,"$522,000"
 1431,Hebersham,"$521,000"
 1432,Doyalson,"$520,300"
 1432,Koonorigan,"$520,300"
 1434,Wyongah,"$519,800"
 1435,Charmhaven,"$519,600"
 1436,Worrigee,"$518,700"
 1437,Barnsley,"$517,800"
 1438,Dharruk,"$517,700"
 1439,Ashby Heights,"$517,500"
 1440,Albion Park Rail,"$517,200"
 1441,Braidwood,"$517,000"
 1442,Queanbeyan East,"$516,800"
 1443,West Haven,"$516,600"
 1444,Mount Hutton,"$516,300"
 1445,Arcadia Vale,"$516,100"
 1446,Hampton,"$515,000"
 1447,Tullera,"$514,800"
 1448,Laggan,"$514,000"
 1449,Rollands Plains,"$513,300"
 1450,Buff Point,"$512,700"
 1451,St Georges Basin,"$512,600"
 1452,Girards Hill,"$512,500"
 1453,Yarrawonga Park,"$512,000"
 1454,Bourkelands,"$511,700"
 1454,Kanwal,"$511,700"
 1456,Cedar Party,"$511,600"
 1456,Glenthorne,"$511,600"
 1456,Kundabung,"$511,600"
 1459,Mulbring,"$511,000"
 1460,Nana Glen,"$509,300"
 1461,Burrell Creek,"$508,700"
 1462,Gillieston Heights,"$508,500"
 1463,Eglinton,"$508,300"
 1464,Old Bar,"$507,700"
 1465,Boambee East,"$507,600"
 1466,Braunstone,"$507,300"
 1467,Lake Wyangan,"$506,100"
 1468,Lake Munmorah,"$505,700"
 1469,Corindi Beach,"$505,600"
 1470,Warrawong,"$504,100"
 1471,Teralba,"$504,000"
 1472,South Pambula,"$503,200"
 1473,Gumma,"$503,000"
 1474,East Maitland,"$502,900"
 1475,Brownsville,"$502,400"
 1476,Budgewoi,"$502,300"
 1476,Toronto,"$502,300"
 1478,Moama,"$502,100"
 1479,Halekulani,"$501,900"
 1480,Chatsworth,"$501,600"
 1480,Taylors Beach,"$501,600"
 1482,Eden,"$501,400"
 1483,East Tamworth,"$501,000"
 1484,Wallsend,"$500,700"
 1485,Kelso,"$500,200"
 1486,Daruka,"$499,300"
 1487,Mount Victoria,"$499,200"
 1488,Cardiff,"$498,100"
 1489,Warragamba,"$497,300"
 1490,Blue Haven,"$496,900"
 1491,Swan Bay,"$496,600"
 1492,Crestwood,"$496,500"
 1493,Dyers Crossing,"$496,200"
 1494,Red Rock,"$496,000"
 1495,Donnellyville,"$495,300"
 1495,Mirador,"$495,300"
 1497,Blackett,"$494,300"
 1498,Blackalls Park,"$494,100"
 1499,Bray Park,"$493,800"
 1500,Queanbeyan,"$493,500"
 1501,Wisemans Ferry,"$493,300"
 1502,Albury,"$493,100"
 1503,Akolele,"$492,600"
 1504,Wardell,"$492,300"
 1505,Gosford,"$492,200"
 1506,Fassifern,"$491,500"
 1506,South Tacoma,"$491,500"
 1508,Ellalong,"$490,300"
 1509,Black Springs,"$490,000"
 1509,Wallarobba,"$490,000"
 1511,Weston,"$489,600"
 1512,Narooma,"$489,100"
 1513,Nimbin,"$488,500"
 1514,Glendale,"$488,000"
 1515,Lemon Tree Passage,"$487,800"
 1516,Catalina,"$487,200"
 1517,Beechwood,"$486,000"
 1517,Piallamore,"$486,000"
 1519,Dondingalong,"$484,000"
 1519,Fishermans Paradise,"$484,000"
 1521,Hunterview,"$483,300"
 1522,Birmingham Gardens,"$483,100"
 1523,Gobbagombalin,"$483,000"
 1524,Lanitza,"$481,600"
 1525,The Whiteman,"$481,300"
 1526,Sanctuary Point,"$481,200"
 1527,Bowenfels,"$480,000"
 1527,Little Plain,"$480,000"
 1527,Newee Creek,"$480,000"
 1530,Heddon Greta,"$479,500"
 1531,Mannering Park,"$479,400"
 1532,Denhams Beach,"$478,000"
 1532,Yarra,"$478,000"
 1534,Bomaderry,"$477,500"
 1535,Crosslands,"$477,300"
 1536,Laurieton,"$475,600"
 1536,Tintinhull,"$475,600"
 1538,Jesmond,"$475,100"
 1539,Boorooma,"$475,000"
 1540,Watanobbi,"$474,700"
 1541,North Rothbury,"$474,400"
 1542,Upper Lansdowne,"$473,300"
 1543,Emerton,"$473,200"
 1544,Lake Albert,"$473,000"
 1545,Carcoar,"$472,700"
 1546,Orange,"$472,500"
 1546,South West Rocks,"$472,500"
 1546,Windermere Park,"$472,500"
 1549,Goulburn,"$472,000"
 1550,Coomba,"$471,700"
 1551,Darawank,"$471,600"
 1552,Marulan,"$470,200"
 1553,Whalan,"$470,100"
 1554,Lawrence,"$469,700"
 1555,Tatton,"$466,500"
 1556,Tanilba Bay,"$465,600"
 1557,Mudgee,"$463,500"
 1558,Tuross Head,"$463,300"
 1559,Wagga Wagga,"$462,700"
 1560,Kalkite,"$462,500"
 1561,Lethbridge Park,"$462,200"
 1562,Windradyne,"$461,700"
 1563,Toormina,"$460,500"
 1564,Raleigh,"$460,000"
 1565,Tantonan,"$459,400"
 1566,Clarence,"$458,300"
 1567,Edgeworth,"$457,700"
 1568,Cringila,"$457,600"
 1569,Megan,"$456,600"
 1569,South Murwillumbah,"$456,600"
 1569,Tugrabakh,"$456,600"
 1572,Bidwill,"$456,300"
 1573,Nowra,"$454,800"
 1574,San Remo,"$454,500"
 1575,Candelo,"$454,300"
 1576,Wauchope,"$452,100"
 1577,Surfside,"$451,000"
 1578,Gorokan,"$450,800"
 1579,Oakhampton,"$450,600"
 1580,Lloyd,"$450,000"
 1580,West Nowra,"$450,000"
 1582,Berrambool,"$449,300"
 1583,Airds,"$448,900"
 1584,Pambula,"$448,500"
 1585,Waterview Heights,"$447,000"
 1586,Telegraph Point,"$446,600"
 1587,Potato Point,"$446,300"
 1588,Binjura,"$445,300"
 1589,Cliftleigh,"$445,000"
 1590,Booral,"$444,300"
 1591,Bungwahl,"$444,100"
 1591,Goonellabah,"$444,100"
 1591,Mallabula,"$444,100"
 1594,Metford,"$442,600"
 1595,East Branxton,"$442,200"
 1596,Batemans Bay,"$441,500"
 1597,Bodalla,"$441,400"
 1598,Kremnos,"$441,000"
 1599,Woodburn,"$440,700"
 1600,Tenambit,"$440,500"
 1601,Gateshead,"$439,800"
 1602,Carrs Creek,"$438,600"
 1603,Koonawarra,"$436,900"
 1604,Clarenza,"$436,600"
 1605,Shortland,"$435,300"
 1606,Cobargo,"$435,000"
 1607,Rushforth,"$434,600"
 1608,Gowrie,"$434,500"
 1608,Tregear,"$434,500"
 1610,Singleton,"$433,600"
 1611,Bulahdelah,"$432,600"
 1612,Bega,"$431,900"
 1613,Stroud,"$431,800"
 1614,Whiteman Creek,"$431,700"
 1615,Canton Beach,"$431,600"
 1616,Cooperabung,"$430,500"
 1617,Bar Point,"$429,000"
 1618,Maitland,"$427,500"
 1619,Chillingham,"$426,300"
 1620,Basin View,"$425,700"
 1621,Run-o-waters,"$425,600"
 1622,Bathurst,"$425,300"
 1623,Gol Gol,"$424,800"
 1624,Nambucca Heads,"$423,800"
 1625,Brushgrove,"$423,300"
 1626,Marlee,"$422,300"
 1627,Glen Davis,"$421,600"
 1627,Talarm,"$421,600"
 1629,Griffith,"$420,100"
 1630,Mitchells Island,"$419,600"
 1631,Verges Creek,"$419,000"
 1631,Yarravel,"$419,000"
 1633,Rutherford,"$418,500"
 1634,Karuah,"$418,400"
 1635,Woodrising,"$418,300"
 1636,East Lismore,"$415,800"
 1637,Blue Knob,"$415,600"
 1637,Killabakh,"$415,600"
 1639,Kendall,"$414,800"
 1640,Oberon,"$414,500"
 1641,Upper Corindi,"$413,600"
 1642,Hillgrove,"$413,200"
 1643,Maclean,"$412,500"
 1644,Scone,"$411,900"
 1644,Thurgoona,"$411,900"
 1646,Estella,"$411,700"
 1647,Valla Beach,"$411,200"
 1648,Willmot,"$410,000"
 1649,Dunoon,"$409,500"
 1650,Lismore Heights,"$409,300"
 1651,Broadwater,"$407,500"
 1652,Greta,"$407,300"
 1653,Wyndham,"$406,500"
 1654,Jiggi,"$404,900"
 1655,Raymond Terrace,"$404,800"
 1656,Aberdare,"$404,400"
 1656,East Albury,"$404,400"
 1658,Perthville,"$404,300"
 1659,Abermain,"$404,100"
 1660,Old Erowal Bay,"$403,600"
 1661,Townsend,"$403,400"
 1662,Gurranang,"$403,300"
 1662,The Channon,"$403,300"
 1664,Triangle Flat,"$403,000"
 1665,Argenton,"$402,100"
 1666,Broke,"$401,800"
 1667,Mulwala,"$401,200"
 1668,Fishermans Reach,"$400,000"
 1669,Hallsville,"$399,700"
 1670,Hillvue,"$398,300"
 1671,Raglan,"$397,500"
 1672,Crookwell,"$396,900"
 1673,Taree South,"$396,800"
 1674,Spring Hill,"$396,600"
 1675,Wongarbon,"$395,300"
 1676,Turvey Park,"$395,200"
 1677,Abernethy,"$395,000"
 1678,Tarago,"$393,700"
 1679,Coolamon,"$393,300"
 1680,Mullion Creek,"$391,200"
 1681,Bellbird Heights,"$390,900"
 1682,Gladstone,"$390,000"
 1682,Grassy Head,"$390,000"
 1684,Calala,"$389,600"
 1685,Rydal,"$389,100"
 1686,Seelands,"$388,600"
 1687,Paxton,"$387,600"
 1688,Comboyne,"$387,500"
 1689,Mogo,"$387,300"
 1690,Dubbo,"$386,700"
 1691,Junction Hill,"$386,000"
 1692,Bewong,"$385,000"
 1693,Pelaw Main,"$384,300"
 1694,Spencer,"$384,100"
 1695,Tamworth,"$383,800"
 1696,Bredbo,"$383,700"
 1697,Moonbi,"$383,300"
 1698,Cessnock,"$383,200"
 1699,Kearsley,"$383,000"
 1700,Moruya Heads,"$382,200"
 1701,Gresford,"$381,600"
 1702,Collombatti,"$380,300"
 1703,Heatherbrae,"$380,000"
 1703,Tarbuck Bay,"$380,000"
 1705,Bellbird,"$379,800"
 1706,Gunning,"$379,700"
 1707,Coramba,"$379,600"
 1708,Macksville,"$378,000"
 1709,Lorne,"$376,600"
 1710,Singleton Heights,"$376,200"
 1711,Armidale,"$376,100"
 1712,Pelton,"$374,500"
 1713,Beresfield,"$374,100"
 1714,Wallerawang,"$373,400"
 1715,Eatonsville,"$373,300"
 1715,Fairy Hill,"$373,300"
 1715,Jerrys Plains,"$373,300"
 1718,Coomba Park,"$372,100"
 1719,Howards Grass,"$371,800"
 1720,Invergowrie,"$371,600"
 1721,St Fillans,"$370,600"
 1721,Telarah,"$370,600"
 1723,Kurri Kurri,"$369,800"
 1724,Tinonee,"$369,300"
 1725,Dungog,"$368,000"
 1725,Spring Grove,"$368,000"
 1727,Wingham,"$367,000"
 1728,North Narooma,"$366,600"
 1729,Molong,"$365,900"
 1730,Taralga,"$365,100"
 1731,Kooringal,"$363,800"
 1732,Lismore,"$363,500"
 1733,Nattai,"$363,300"
 1734,Sofala,"$362,600"
 1735,North Tamworth,"$362,300"
 1735,Tullymorgan,"$362,300"
 1737,Blayney,"$361,700"
 1738,Brogo,"$361,600"
 1739,Denman,"$361,300"
 1740,Windale,"$361,000"
 1741,North Macksville,"$360,000"
 1742,West Bathurst,"$359,700"
 1743,Stanford Merthyr,"$359,400"
 1744,Dorrigo,"$359,300"
 1745,Hamilton Valley,"$359,100"
 1746,Berridale,"$359,000"
 1747,Swanhaven,"$358,300"
 1748,Tyalgum,"$357,800"
 1749,Cundletown,"$356,400"
 1749,Gulgong,"$356,400"
 1751,Millingandi,"$355,800"
 1751,Nabiac,"$355,800"
 1753,Glenroy,"$355,500"
 1754,Hermitage Flat,"$355,000"
 1755,Bowning,"$354,300"
 1756,Quaama,"$354,100"
 1757,Martins Creek,"$354,000"
 1758,South Bathurst,"$353,000"
 1759,Murrurundi,"$352,800"
 1760,Buronga,"$352,500"
 1761,Rylstone,"$352,000"
 1762,Herons Creek,"$351,600"
 1763,Yippin Creek,"$350,600"
 1764,Cooma,"$348,400"
 1765,Krambach,"$347,500"
 1766,Tarro,"$346,800"
 1767,Johns River,"$346,600"
 1767,Kootingal,"$346,600"
 1769,Grafton,"$346,200"
 1770,Forest Hill,"$345,700"
 1771,Taree,"$345,400"
 1772,Littleton,"$344,700"
 1773,Lithgow,"$343,300"
 1774,Geneva,"$341,600"
 1775,Gunnedah,"$341,100"
 1776,North Arm Cove,"$340,500"
 1777,Bundabah,"$340,000"
 1777,Ilarwill,"$340,000"
 1779,Mangoplah,"$339,900"
 1780,Jindera,"$339,500"
 1781,Rockley,"$339,300"
 1782,Coopernook,"$338,400"
 1783,North Dorrigo,"$336,600"
 1784,East Kempsey,"$336,500"
 1785,Hastings Point,"$334,600"
 1786,Ladysmith,"$333,000"
 1787,Horseshoe Bend,"$332,700"
 1788,Woodberry,"$332,300"
 1789,Tucabia,"$331,600"
 1790,Springdale Heights,"$329,600"
 1791,Westdale,"$328,300"
 1792,Sandy Hollow,"$327,600"
 1792,Stroud Road,"$327,600"
 1794,Coraki,"$327,000"
 1795,Majors Creek,"$325,600"
 1796,North Lismore,"$323,600"
 1796,Uranquinty,"$323,600"
 1798,Stuarts Point,"$322,800"
 1799,Young,"$322,700"
 1800,Limeburners Creek,"$322,600"
 1800,South Albury,"$322,600"
 1802,Nymboida,"$321,300"
 1803,Tumut,"$321,100"
 1804,Kyogle,"$320,500"
 1805,Allworth,"$320,000"
 1806,Parkville,"$319,100"
 1807,Aldavilla,"$318,900"
 1808,Boorowa,"$318,300"
 1808,Pillar Valley,"$318,300"
 1810,Kitchener,"$318,000"
 1811,Bemboka,"$317,300"
 1812,Muswellbrook,"$316,100"
 1813,Wentworth,"$316,000"
 1814,Lansdowne,"$315,600"
 1815,Glenfield Park,"$315,500"
 1815,Moorland,"$315,500"
 1817,North Woodburn,"$315,000"
 1818,Gloucester,"$314,600"
 1819,Tocumwal,"$312,500"
 1820,Uralla,"$311,900"
 1821,Binalong,"$311,600"
 1821,Lidsdale,"$311,600"
 1823,Rileys Hill,"$311,300"
 1824,Blandford,"$310,800"
 1825,West Albury,"$310,700"
 1826,Gerogery,"$310,300"
 1827,Coutts Crossing,"$309,500"
 1828,Glenreagh,"$309,200"
 1829,Manildra,"$309,000"
 1830,Gormans Hill,"$308,600"
 1831,West Tamworth,"$308,000"
 1832,Yoogali,"$307,700"
 1833,Oxley Vale,"$307,500"
 1834,Lyndhurst,"$306,600"
 1834,Yenda,"$306,600"
 1836,Morts Estate,"$305,800"
 1837,Attunga,"$304,800"
 1838,Nerong,"$303,300"
 1839,Cargo,"$300,600"
 1840,Coopers Gully,"$300,000"
 1840,Liston,"$300,000"
 1840,Somerton,"$300,000"
 1843,Harwood,"$299,000"
 1843,Windeyer,"$299,000"
 1845,Canowindra,"$298,700"
 1846,Eungai Creek,"$298,300"
 1847,South Lismore,"$297,500"
 1848,Lue,"$297,100"
 1849,Mongarlowe,"$296,300"
 1850,Bowraville,"$295,800"
 1851,Walcha,"$295,600"
 1852,Towamba,"$294,300"
 1853,Lavington,"$293,600"
 1854,Duri,"$293,500"
 1855,Moree,"$291,900"
 1856,Casino,"$291,500"
 1857,Hay,"$290,600"
 1858,Howlong,"$290,300"
 1859,Ulmarra,"$290,000"
 1860,Ballimore,"$289,000"
 1861,Forbes,"$288,800"
 1862,Cowra,"$288,500"
 1863,South Grafton,"$288,100"
 1864,Montefiores,"$287,600"
 1865,Euston,"$287,100"
 1866,Wootton,"$286,600"
 1867,South Kempsey,"$285,800"
 1868,West Kempsey,"$285,400"
 1869,Burrumbuttock,"$284,600"
 1870,Temora,"$283,000"
 1871,Inverell,"$282,300"
 1872,Bilbul,"$282,000"
 1872,Brocklehurst,"$282,000"
 1872,Curlwaa,"$282,000"
 1875,Narrabri,"$281,500"
 1876,Murringo,"$280,800"
 1877,Vale Of Clwydd,"$280,600"
 1878,Copmanhurst,"$278,700"
 1878,Gumly Gumly,"$278,700"
 1880,Neath,"$278,300"
 1881,Hanwood,"$277,000"
 1882,Beelbangera,"$276,300"
 1883,Bendemeer,"$275,500"
 1884,Corowa,"$274,700"
 1885,Parkes,"$274,600"
 1886,Ilford,"$272,600"
 1887,Marrar,"$271,000"
 1888,Stubbo,"$270,300"
 1889,Captains Flat,"$270,100"
 1890,Wattamondara,"$270,000"
 1891,Nemingha,"$268,300"
 1892,Pottery Estate,"$267,600"
 1893,Walla Walla,"$267,200"
 1894,South Littleton,"$266,600"
 1894,Woolomin,"$266,600"
 1896,Adaminaby,"$265,800"
 1897,Lowanna,"$265,500"
 1898,Gundagai,"$265,400"
 1899,Cootamundra,"$265,200"
 1900,Manilla,"$264,800"
 1901,Frederickton,"$264,600"
 1902,North Albury,"$262,400"
 1903,Kempsey,"$262,200"
 1904,Tenterfield,"$260,900"
 1905,Aberdeen,"$260,800"
 1906,Gilgai,"$259,300"
 1907,Old Junee,"$259,000"
 1908,Glen Innes,"$258,800"
 1909,Hexham,"$258,300"
 1910,Cawongla,"$255,600"
 1911,Narromine,"$255,500"
 1912,Wattle Flat,"$255,000"
 1913,Junee,"$253,800"
 1914,Mount Austin,"$251,700"
 1915,Charlotte Bay,"$251,000"
 1915,Deniliquin,"$251,000"
 1915,Tolland,"$251,000"
 1918,Mitchell,"$250,000"
 1918,Wherrol Flat,"$250,000"
 1920,East Gresford,"$249,300"
 1921,Tarana,"$248,300"
 1922,The Rock,"$247,600"
 1923,Coomealla,"$247,500"
 1924,Guyra,"$247,000"
 1925,Anglers Reach,"$246,300"
 1925,Lucknow,"$246,300"
 1927,Portland,"$246,200"
 1928,Rappville,"$245,800"
 1929,Barham,"$245,000"
 1929,Eungai Rail,"$245,000"
 1931,Wee Waa,"$244,600"
 1932,Curlewis,"$242,000"
 1933,Warren,"$241,600"
 1934,Coolongolook,"$240,600"
 1934,South Tamworth,"$240,600"
 1936,Mandurama,"$240,100"
 1937,Leeton,"$239,200"
 1938,East Wagga Wagga,"$237,600"
 1939,Bingara,"$237,500"
 1940,Wyalong,"$236,000"
 1941,Wingen,"$235,000"
 1942,Smithtown,"$234,000"
 1943,North Wagga Wagga,"$232,000"
 1944,Boggabri,"$231,800"
 1945,Currabubula,"$231,600"
 1945,Wyangala,"$231,600"
 1947,Batlow,"$230,800"
 1948,Merriwa,"$230,100"
 1949,Ashley,"$226,600"
 1949,Gooloogong,"$226,600"
 1951,Narrandera,"$225,400"
 1952,Adelong,"$225,000"
 1953,Nundle,"$220,000"
 1954,Stuart Town,"$219,300"
 1955,Tabulam,"$218,300"
 1956,Collingullie,"$217,600"
 1957,Bombala,"$215,700"
 1958,Clandulla,"$214,300"
 1958,Ganmain,"$214,300"
 1960,Cullen Bullen,"$213,300"
 1961,Wiangaree,"$212,800"
 1962,Talbingo,"$211,800"
 1963,Quirindi,"$209,800"
 1964,Holbrook,"$209,200"
 1965,Kandos,"$208,600"
 1966,Dalgety,"$208,300"
 1967,Harden,"$207,700"
 1968,Cudal,"$206,600"
 1969,Ulong,"$205,000"
 1970,Werris Creek,"$204,000"
 1971,Condobolin,"$202,000"
 1972,Eugowra,"$200,700"
 1973,Monteagle,"$200,000"
 1974,Nimmitabel,"$199,300"
 1975,Lockhart,"$198,800"
 1976,West Wyalong,"$195,900"
 1977,Woodstock,"$195,600"
 1978,Culcairn,"$193,600"
 1979,Pomona,"$192,600"
 1980,Bourke,"$192,500"
 1981,Mallanganee,"$192,300"
 1982,Balranald,"$190,000"
 1983,Geurie,"$189,500"
 1984,Pine Ridge,"$189,300"
 1985,Dareton,"$188,100"
 1986,Greenhill,"$187,000"
 1987,Walgett,"$186,600"
 1987,Wallabadah,"$186,600"
 1989,Gilgandra,"$186,300"
 1990,Neville,"$186,000"
 1991,Ariah Park,"$184,100"
 1992,Nericon,"$183,500"
 1993,Berrigan,"$182,900"
 1994,Sunny Corner,"$180,000"
 1995,Yanco,"$179,600"
 1996,Bellbrook,"$179,000"
 1997,Oaky Park,"$178,800"
 1998,Bonalbo,"$177,800"
 1999,Broken Hill,"$177,400"
 2000,Tarcutta,"$177,300"
 2000,Wellington,"$177,300"
 2002,Dunedoo,"$176,600"
 2003,Wallendbeen,"$175,900"
 2004,Deepwater,"$175,500"
 2005,Woodenbong,"$175,000"
 2006,Carroll,"$174,500"
 2007,Koorawatha,"$174,400"
 2008,Stockinbingal,"$171,000"
 2008,Tooleybuc,"$171,000"
 2010,Tumbarumba,"$169,200"
 2011,Brocklesby,"$169,000"
 2011,Grenfell,"$169,000"
 2013,Barmedman,"$166,300"
 2014,Cobar,"$165,500"
 2014,Murrumburrah,"$165,500"
 2016,Cumnock,"$164,600"
 2016,Mathoura,"$164,600"
 2018,Coolah,"$163,600"
 2019,South Guyra,"$162,900"
 2020,Darlington Point,"$162,200"
 2021,Trundle,"$160,800"
 2022,Finley,"$160,700"
 2023,Henty,"$160,100"
 2024,Ashmont,"$159,700"
 2025,Koraleigh,"$159,300"
 2026,Binnaway,"$159,100"
 2027,Ashford,"$158,600"
 2027,Warialda,"$158,600"
 2029,Hillston,"$154,500"
 2030,Bundarra,"$153,300"
 2030,Khancoban,"$153,300"
 2032,Grong Grong,"$149,100"
 2033,Coonabarabran,"$147,700"
 2034,Lake Cargelligo,"$146,600"
 2034,Peak Hill,"$146,600"
 2036,Torrington,"$146,200"
 2037,Barraba,"$144,700"
 2038,Drake,"$142,800"
 2039,Urbenville,"$140,000"
 2040,Ardlethan,"$137,600"
 2040,Boree Creek,"$137,600"
 2042,Willow Tree,"$137,000"
 2043,Mendooran,"$136,600"
 2044,Lightning Ridge,"$135,800"
 2045,Ebor,"$135,300"
 2046,Nyngan,"$135,000"
 2046,Trangie,"$135,000"
 2048,Emmaville,"$128,300"
 2049,Delegate,"$126,600"
 2049,Delungra,"$126,600"
 2049,Oaklands,"$126,600"
 2052,Moulamein,"$125,500"
 2053,Tottenham,"$122,500"
 2054,Yeoval,"$121,800"
 2055,Ravenswood,"$121,200"
 2056,Quandialla,"$120,600"
 2056,Whitton,"$120,600"
 2058,Brewarrina,"$120,400"
 2059,Menindee,"$120,000"
 2060,Mumbil,"$114,100"
 2061,Barellan,"$111,800"
 2062,South Gundagai,"$111,600"
 2063,Jerilderie,"$111,200"
 2064,Gulargambone,"$110,000"
 2065,Coleambally,"$108,300"
 2066,Mount George,"$105,000"
 2067,Baradine,"$96,000"
 2068,Urana,"$95,200"
 2069,Pallamallawa,"$95,000"
 2070,Goolgowi,"$91,600"
 2071,Wakool,"$89,000"
 2072,Old Bonalbo,"$87,800"
 2073,Sunset Strip,"$82,600"
 2074,Tullamore,"$78,800"
 2075,Rand,"$78,300"
 2075,Ungarie,"$78,300"
 2077,Yerong Creek,"$77,900"
 2078,Tingha,"$69,500"
 2079,Coonamble,"$68,300"
 2080,Collarenebri,"$59,000"
